"","Titulo","Tipo","Estado","Cantidad_episodio","Visitas"
"1","Amaama to Inazuma","TV","Finalizado","12","688"
"2","Gintama: The Final","Pelicula","Finalizado","1","7542"
"3","Cider no You ni Kotoba ga Wakiagaru","Pelicula","Finalizado","1","17923"
"4","Shomin Sample","TV","Finalizado","12","6289"
"5","Shin Tennis no Ouji-sama: Hyoutei vs. Rikkai - Game of Future","OVA","Finalizado","2","7046"
"6","Nobunaga-sensei no Osanazuma","TV","Finalizado","12","7031"
"7","Meikyuu Black Company","TV","Emision","3","54261"
"8","Coppelion","TV","Finalizado","13","3470"
"9","Night Head 2041","TV","Emision","3","22690"
"10","D_Cide Traumerei The Animation","TV","Emision","3","43601"
"11","Getter Robo Arc","TV","Emision","4","22058"
"12","Kaizoku Oujo","TV","Emision","0","25125"
"13","Magia Record: Mahou Shoujo Madoka<U+2605>Magica Gaiden 2nd Season - Kakusei Zenya","TV","Emision","0","14905"
"14","Jahy-sama wa Kujikenai!","TV","Emision","0","52145"
"15","100-man no Inochi no Ue ni Ore wa Tatte Iru 2nd Season","TV","Emision","3","48202"
"16","Heion Sedai no Idaten-tachi","TV","Emision","3","84725"
"17","Megami-ryou no Ryoubo-kun","TV","Emision","3","89405"
"18","Deatte 5-byou de Battle","TV","Emision","3","46092"
"19","Love Live! Superstar!!","TV","Emision","2","22786"
"20","Shiroi Suna no Aquatope","TV","Emision","4","31093"
"21","Tsuki ga Michibiku Isekai Douchuu","TV","Emision","4","81872"
"22","Cheat Kusushi no Slow Life: Isekai ni Tsukurou Drugstore","TV","Emision","4","33546"
"23","Uramichi Oniisan","TV","Emision","4","27253"
"24","Kageki Shoujo!!","TV","Emision","4","49068"
"25","Kobayashi-san Chi no Maid Dragon S","TV","Emision","4","99848"
"26","Tensei Shitara Slime Datta Ken 2nd Season Part 2","TV","Emision","5","207571"
"27","Seirei Gensouki","TV","Emision","4","157409"
"28","Shinigami Bocchan to Kuro Maid","TV","Emision","4","58999"
"29","Tantei wa Mou, Shindeiru.","TV","Emision","4","97675"
"30","RE-MAIN","TV","Emision","3","22914"
"31","Genjitsu Shugi Yuusha no Oukoku Saikenki","TV","Emision","4","107629"
"32","Mahouka Koukou no Yuutousei","TV","Emision","4","52379"
"33","Bokutachi no Remake","TV","Emision","4","53945"
"34","Otome Game no Hametsu Flag shika Nai Akuyaku Reijou ni Tensei shite Shimatta… X","TV","Emision","4","123270"
"35","Kanojo mo Kanojo","TV","Emision","4","122917"
"36","Vanitas no Carte","TV","Emision","4","40852"
"37","Higurashi no Naku Koro ni - Sotsu","TV","Emision","6","51533"
"38","Peach Boy Riverside","TV","Emision","5","84050"
"39","Youjo Senki: Operation Desert Pasta","Especial","Finalizado","1","31620"
"40","Sonny Boy","TV","Emision","3","34871"
"41","Scarlet Nexus","TV","Emision","5","53948"
"42","Shuumatsu no Valkyrie","TV","Finalizado","12","173031"
"43","IDOLiSH7: Third Beat!","TV","Emision","4","8477"
"44","Sayonara Watashi no Cramer Movie: First Touch","Pelicula","Finalizado","1","14892"
"45","Fate/Grand Carnival","OVA","Emision","1","16767"
"46","Jaku-Chara Tomozaki-kun OVA","OVA","Finalizado","2","25573"
"47","Bishoujo Senshi Sailor Moon Eternal Movies","Pelicula","Finalizado","2","12594"
"48","Eden","TV","Finalizado","4","23050"
"49","Violet Evergarden the Movie","Pelicula","Finalizado","1","44400"
"50","Kaguya-sama wa Kokurasetai: Tensai-tachi no Renai Zunousen OVA","OVA","Finalizado","1","77229"
"51","Kimetsu no Yaiba: Mugen Ressha-hen","Pelicula","Finalizado","1","353278"
"52","Danmachi III OVA","OVA","Finalizado","1","89242"
"53","Yasuke","TV","Finalizado","6","63231"
"54","Seitokai Yakuindomo 2 OVA","Especial","Finalizado","9","6209"
"55","Seitokai Yakuindomo Movie","Pelicula","Finalizado","1","6533"
"56","Seitokai Yakuindomo 2","TV","Finalizado","13","7068"
"57","Seitokai Yakuindomo OVA","OVA","Finalizado","8","6016"
"58","Omoi, Omoware, Furi, Furare","Pelicula","Finalizado","1","48003"
"59","Seitokai Yakuindomo","TV","Finalizado","13","16165"
"60","Gokushufudou","TV","Finalizado","5","71362"
"61","Mini Dragon","Especial","Finalizado","13","96111"
"62","Cestvs: The Roman Fighter","TV","Finalizado","11","34982"
"63","Bakuten!!","TV","Finalizado","12","51555"
"64","Super Cub","TV","Finalizado","12","35326"
"65","SukaSuka","TV","Finalizado","13","12581"
"66","Ousama Game The Animation","TV","Finalizado","12","18267"
"67","Just Because!","TV","Finalizado","12","31754"
"68","SSSS.Gridman","TV","Finalizado","12","17571"
"69","Mairimashita! Iruma-kun 2nd Season","TV","Emision","15","305716"
"70","Osananajimi ga Zettai ni Makenai Love Comedy","TV","Finalizado","12","198009"
"71","Fumetsu no Anata e","TV","Emision","15","173657"
"72","Tokyo Revengers","TV","Emision","17","620488"
"73","Bishounen Tanteidan","TV","Finalizado","12","43495"
"74","Battle Athletess Daiundoukai ReSTART!","TV","Finalizado","12","19193"
"75","Ijiranaide, Nagatoro-san","TV","Finalizado","12","859288"
"76","Edens Zero","TV","Emision","16","185667"
"77","Shadows House","TV","Finalizado","13","72933"
"78","86 EIGHTY-SIX","TV","Finalizado","12","92218"
"79","Slime Taoshite 300-nen, Shiranai Uchi ni Level Max ni Nattemashita","TV","Finalizado","12","101727"
"80","Blue Reflection Ray","TV","Emision","15","57411"
"81","Subarashiki Kono Sekai The Animation","TV","Finalizado","12","39298"
"82","Isekai Maou to Shoukan Shoujo no Dorei Majutsu O","TV","Finalizado","10","382395"
"83","Zombieland Saga Revenge","TV","Finalizado","12","95970"
"84","Fairy Ranmaru: Anata no Kokoro Otasuke Shimasu","TV","Finalizado","12","21339"
"85","Kyuukyoku Shinka Shita Full Dive RPG ga Genjitsu Yori mo Kusoge Dattara","TV","Finalizado","12","138052"
"86","Joran: The Princess of Snow and Blood","TV","Finalizado","12","37245"
"87","Seijo no Maryoku wa Bannou desu","TV","Finalizado","12","67578"
"88","Tensura Nikki: Tensei Shitara Slime Datta Ken","TV","Finalizado","12","174799"
"89","Hige wo Soru. Soshite Joshikousei wo Hirou.","TV","Finalizado","13","353233"
"90","Seven Knights Revolution: Eiyuu no Keishousha","TV","Finalizado","12","48759"
"91","Sayonara Watashi no Cramer","TV","Finalizado","13","40721"
"92","Koi to Yobu ni wa Kimochi Warui","TV","Finalizado","12","81790"
"93","Nomad: Megalo Box 2","TV","Finalizado","13","50044"
"94","Dragon, Ie wo Kau","TV","Finalizado","12","31156"
"95","Sentouin, Hakenshimasu!","TV","Finalizado","12","140288"
"96","Vivy: Fluorite Eye's Song","TV","Finalizado","13","118533"
"97","Shakunetsu Kabaddi","TV","Finalizado","12","59268"
"98","Mashiro no Oto","TV","Finalizado","12","47953"
"99","Cardfight!! Vanguard overDress Season 1","TV","Finalizado","12","40283"
"100","SSSS.Dynazenon","TV","Finalizado","12","44161"
"101","Hetalia: World<U+2605>Stars","TV","Finalizado","12","14694"
"102","Shaman King (2021)","TV","Emision","17","185891"
"103","DOTA: Dragon’s Blood","TV","Finalizado","8","45557"
"104","Mars Red","TV","Finalizado","13","70496"
"105","Yuukoku no Moriarty 2nd","TV","Finalizado","13","43307"
"106","Boku no Hero Academia 5th Season","TV","Emision","17","1003371"
"107","Godzilla S.P","TV","Finalizado","13","69305"
"108","Orange","TV","Finalizado","13","16476"
"109","Fruits Basket: The Final","TV","Finalizado","13","77078"
"110","Gekkan Shoujo Nozaki-kun Especiales","Especial","Finalizado","6","5545"
"111","Gekkan Shoujo Nozaki-kun","TV","Finalizado","12","10736"
"112","Watashi ga Motete Dousunda","TV","Finalizado","12","32352"
"113","B: The Beginning Succession","TV","Finalizado","6","35685"
"114","Wotaku ni Koi wa Muzukashii OVA: Tomodachi no Kyori","OVA","Finalizado","1","40329"
"115","Paranoia agent","TV","Finalizado","13","16366"
"116","Serial Experiments Lain","TV","Finalizado","13","28097"
"117","Maiko-san Chi no Makanai-san","TV","Emision","6","21552"
"118","Planetarian: Snow Globe","OVA","Finalizado","1","18313"
"119","Planetarian: Hoshi no Hito","Pelicula","Finalizado","1","5815"
"120","Planetarian: Chiisana Hoshi no Yume","OVA","Finalizado","5","10610"
"121","B: The Beginning","TV","Finalizado","12","23058"
"122","Oshiete! Galko-chan","TV","Finalizado","13","11852"
"123","Kimetsu Gakuen: Valentine-hen","Especial","Finalizado","4","64733"
"124","Banana Fish","TV","Finalizado","24","148342"
"125","Happy Sugar Life","TV","Finalizado","12","16561"
"126","Gakkougurashi!","TV","Finalizado","12","13316"
"127","Daitoshokan no Hitsujikai","TV","Finalizado","12","10898"
"128","Asa made Jugyou Chu!","OVA","Finalizado","1","39682"
"129","Accel World: Infinite8Burst","Pelicula","Finalizado","1","6977"
"130","Koe no Katachi","Pelicula","Finalizado","1","42490"
"131","Kimi no Suizou wo Tabetai","Pelicula","Finalizado","1","52773"
"132","Accel World: Acchel World","Especial","Finalizado","8","4486"
"133","Accel World EX","OVA","Finalizado","2","8347"
"134","Accel World","TV","Finalizado","24","18380"
"135","Girly Air Force","TV","Finalizado","12","10538"
"136","Sewayaki Kitsune no Senko-san","TV","Finalizado","12","30137"
"137","Musaigen no Phantom World: Limitless Phantom World","Especial","Finalizado","6","10631"
"138","Musaigen no Phantom World: Mizutama no Kiseki","OVA","Finalizado","1","44594"
"139","Musaigen no Phantom World","TV","Finalizado","13","42393"
"140","Midara na Ao-chan wa Benkyou ga Dekinai","TV","Finalizado","12","29585"
"141","Given Movie","Pelicula","Finalizado","1","42432"
"142","Kanokon: Manatsu no Dai Shanikusai Especiales","Especial","Finalizado","2","67429"
"143","Kanokon: Manatsu no Dai Shanikusai","OVA","Finalizado","2","38213"
"144","Kanokon Especiales","Pelicula","Finalizado","12","32049"
"145","Kanokon","TV","Finalizado","12","57043"
"146","Keijo!!!!!!!!","TV","Finalizado","12","18478"
"147","Isekai wa Smartphone to Tomo ni","TV","Finalizado","12","30144"
"148","Inou-Battle wa Nichijou-kei no Naka de","TV","Finalizado","12","28645"
"149","Megalo Box","TV","Finalizado","13","21640"
"150","Plastic Memories","TV","Finalizado","13","23556"
"151","Hachigatsu no Cinderella Nine","TV","Finalizado","12","2682"
"152","Hibike! Euphonium Movie 3: Chikai no Finale","Pelicula","Finalizado","1","5710"
"153","Hibike! Euphonium Movie 2: Todoketai Melody","Pelicula","Finalizado","1","7164"
"154","Hibike! Euphonium Movie 1: Kitauji Koukou Suisougaku-bu e Youkoso","Pelicula","Finalizado","1","5496"
"155","Liz to Aoi Tori","Pelicula","Finalizado","1","8593"
"156","Hibike! Euphonium 2","TV","Finalizado","13","7964"
"157","Hibike! Euphonium","TV","Finalizado","14","9796"
"158","Gabriel DropOut","TV","Finalizado","12","9619"
"159","Death March kara Hajimaru Isekai Kyousoukyoku","TV","Finalizado","12","46034"
"160","Rokudenashi Majutsu Koushi to Akashic Records","TV","Finalizado","12","84573"
"161","New Game!!","TV","Finalizado","12","4311"
"162","New Game!","TV","Finalizado","13","6503"
"163","Mondaiji-tachi ga Isekai kara Kuru Sou Desu yo?","TV","Finalizado","11","18616"
"164","Monster","TV","Finalizado","74","177030"
"165","Masamune-kun no Revenge","TV","Finalizado","13","180932"
"166","Kimi ni Todoke 2nd Season","TV","Finalizado","13","13391"
"167","Kimi ni Todoke","TV","Finalizado","25","45547"
"168","Gekidol","TV","Finalizado","8","9465"
"169","Shoukoku no Altair","TV","Finalizado","24","8678"
"170","Grancrest Senki","TV","Finalizado","24","22374"
"171","Bungou Stray Dogs Wan!","TV","Finalizado","12","37654"
"172","Wave!! Surfing Yappe!!","TV","Finalizado","12","35831"
"173","Qualidea Code","TV","Finalizado","12","20210"
"174","Ore no Kanojo to Osananajimi ga Shuraba Sugiru","TV","Finalizado","13","48103"
"175","Yatogame-chan Kansatsu Nikki 3 Satsume","TV","Finalizado","12","21086"
"176","Mahou Shoujo Site","TV","Finalizado","12","18894"
"177","Killing Bites","TV","Finalizado","12","24324"
"178","WIXOSS Diva(A)Live","TV","Finalizado","12","18153"
"179","Idolls!","TV","Finalizado","10","7728"
"180","Kishuku Gakkou no Juliet","TV","Finalizado","12","33367"
"181","I<U+2605>CHU","TV","Finalizado","12","19156"
"182","Ushio to Tora","TV","Finalizado","39","39669"
"183","Aoki Hagane no Arpeggio: Ars Nova Cadenza","Pelicula","Finalizado","1","8131"
"184","Aoki Hagane no Arpeggio: Ars Nova DC","Pelicula","Finalizado","1","8926"
"185","Aoki Hagane no Arpeggio: Ars Nova","TV","Finalizado","12","10924"
"186","Sakurako-san no Ashimoto ni wa Shitai ga Umatteiru","TV","Finalizado","12","11959"
"187","Ano Natsu de Matteru","TV","Finalizado","13","12397"
"188","Seiken no Blacksmith","TV","Finalizado","12","26376"
"189","Aggressive Retsuko 3","TV","Finalizado","10","4051"
"190","Aggressive Retsuko: We Wish You a Metal Christmas","TV","Finalizado","1","1975"
"191","Aggressive Retsuko 2","TV","Finalizado","10","3081"
"192","Aggressive Retsuko","TV","Finalizado","10","4000"
"193","Otona no Bouguya-san","TV","Finalizado","12","37988"
"194","Otona no Bouguya-san 2","TV","Finalizado","12","67683"
"195","Gakusen Toshi Asterisk 2nd Season","TV","Finalizado","12","37763"
"196","Gakusen Toshi Asterisk","TV","Finalizado","12","51214"
"197","Azur Lane: Bisoku Zenshin!","TV","Finalizado","12","33598"
"198","Shin Chuuka Ichiban! 2nd Season","TV","Finalizado","12","14046"
"199","Uma Musume: Pretty Derby Season 2","TV","Finalizado","13","34688"
"200","Back Arrow","TV","Finalizado","24","58312"
"201","VladLove","TV","Finalizado","12","78240"
"202","Maken-Ki! Two Specials","TV","Finalizado","5","26698"
"203","Maken-Ki! Specials","TV","Finalizado","6","23305"
"204","Maken-Ki! OVA","TV","Finalizado","1","11840"
"205","K-On! Movie","Pelicula","Finalizado","1","5329"
"206","K-On!!: Keikaku!","OVA","Finalizado","1","7555"
"207","K-On!: Live House!","OVA","Finalizado","1","5829"
"208","Kaichou wa Maid-sama!: Omake dayo!","OVA","Finalizado","1","9779"
"209","Hajimete no Gal: Hajimete no Bunkasai","OVA","Finalizado","1","30367"
"210","Tengen Toppa Gurren Lagann","TV","Finalizado","28","21552"
"211","Kaichou wa Maid-sama!","TV","Finalizado","26","49484"
"212","Tenkuu Shinpan","TV","Finalizado","12","297595"
"213","Kaifuku Jutsushi no Yarinaoshi","TV","Finalizado","12","902065"
"214","Majutsushi Orphen Hagure Tabi: Kimluck-hen","TV","Finalizado","11","53932"
"215","Kemono Jihen","TV","Finalizado","12","143022"
"216","Dr. Stone: Stone Wars","TV","Finalizado","11","569738"
"217","Log Horizon: Entaku Houkai","TV","Finalizado","12","52559"
"218","Wonder Egg Priority","TV","Finalizado","13","214693"
"219","Tensei Shitara Slime Datta Ken 2nd Season Part 1","TV","Finalizado","13","436923"
"220","Non Non Biyori Nonstop","TV","Finalizado","12","21017"
"221","Ex-Arm","TV","Finalizado","12","63433"
"222","Samurai Champloo","TV","Finalizado","26","20342"
"223","Mushoku Tensei: Isekai Ittara Honki Dasu","TV","Finalizado","11","592123"
"224","SK8","TV","Finalizado","12","157196"
"225","World Trigger Season Two","TV","Finalizado","12","66754"
"226","Kai Byoui Ramune","TV","Finalizado","12","47760"
"227","Horimiya","TV","Finalizado","13","314995"
"228","Hataraku Saibou!! 2","TV","Finalizado","8","52067"
"229","Hataraku Saibou Black","TV","Finalizado","13","73322"
"230","Ore dake Haireru Kakushi Dungeon: Kossori Kitaete Sekai Saikyou","TV","Finalizado","12","243733"
"231","Kumo desu ga, Nani ka?","TV","Finalizado","24","181570"
"232","Jaku-Chara Tomozaki-kun","TV","Finalizado","12","109861"
"233","2.43: Seirin Koukou Danshi Voley-bu","TV","Finalizado","12","36646"
"234","Go-toubun no Hanayome <U+222C>","TV","Finalizado","12","432234"
"235","Hortensia Saga","TV","Finalizado","12","62168"
"236","Tenchi Souzou Design-bu","TV","Finalizado","13","34058"
"237","Yuru Camp<U+25B3> Season 2","TV","Finalizado","13","18586"
"238","Yakusoku no Neverland 2nd Season","TV","Finalizado","11","657409"
"239","Re:Zero kara Hajimeru Isekai Seikatsu 2nd Season Part 2","TV","Finalizado","12","239258"
"240","Nanatsu no Taizai: Fundo no Shinpan","TV","Finalizado","24","2023611"
"241","Beastars 2nd Season","TV","Finalizado","12","1223422"
"242","Ura Sekai Picnic","TV","Finalizado","12","62806"
"243","Tatoeba Last Dungeon Mae no Mura no Shounen ga Joban no Machi de Kurasu Youna Monogatari","TV","Finalizado","12","134968"
"244","K-On!!","TV","Finalizado","26","19209"
"245","K-On!","TV","Finalizado","13","18341"
"246","Boku dake ga Inai Machi","TV","Finalizado","12","20426"
"247","Nichijou","TV","Finalizado","26","12485"
"248","Hataraku Maou-sama!","TV","Finalizado","13","50961"
"249","Valkyrie Drive Mermaid","TV","Finalizado","12","16000"
"250","Maken-ki! Two","TV","Finalizado","10","46860"
"251","Maken-Ki!","TV","Finalizado","12","47487"
"252","Hajimete no Gal","TV","Finalizado","10","64523"
"253","Golden Time","TV","Finalizado","24","103053"
"254","Taimadou Gakuen 35 Shiken Shoutai","TV","Finalizado","12","22886"
"255","Seiken Tsukai no World Break","TV","Finalizado","12","25473"
"256","Saijaku Muhai no Bahamut","TV","Finalizado","12","38147"
"257","Seikoku no Dragonar","TV","Finalizado","12","23487"
"258","Seirei Tsukai no Blade Dance","TV","Finalizado","12","16944"
"259","Dokyuu Hentai HxEros OVA","OVA","Finalizado","2","58646"
"260","Darker than Black: Ryuusei no Gemini","TV","Finalizado","12","13681"
"261","Shingeki no Kyojin: The Final Season","TV","Finalizado","16","4115087"
"262","Darker than Black: Kuro no Keiyakusha Gaiden","OVA","Finalizado","4","12468"
"263","Darker than Black: Kuro no Keiyakusha","TV","Finalizado","26","34890"
"264","Masou Gakuen HxH Specials","Especial","Finalizado","6","20743"
"265","Masou Gakuen HxH","TV","Finalizado","12","49227"
"266","Nisekoi OVA","OVA","Finalizado","3","20364"
"267","Inuyashiki","TV","Finalizado","11","21382"
"268","School Days","TV","Finalizado","12","46056"
"269","Re:Creators","TV","Finalizado","22","23774"
"270","Isekai Maou to Shoukan Shoujo no Dorei Majutsu","TV","Finalizado","12","189950"
"271","Strike Witches: 501 Butai Hasshin Shimasu!","TV","Finalizado","0","5118"
"272","Strike Witches: Gekijouban","Pelicula","Finalizado","1","8589"
"273","Strike Witches: Operation Victory Arrow","OVA","Finalizado","3","5557"
"274","Strike Witches 2","TV","Finalizado","12","10376"
"275","Brave Witches: Petersburg Daisenryaku","OVA","Finalizado","1","8159"
"276","Brave Witches","TV","Finalizado","12","9037"
"277","Strike Witches","TV","Finalizado","12","14818"
"278","Strike Witches OVA","OVA","Finalizado","1","9257"
"279","BEM: Become Human","Pelicula","Finalizado","1","23403"
"280","Rewrite 2nd Season","TV","Finalizado","11","16816"
"281","Rewrite","TV","Finalizado","13","23689"
"282","Shingeki no Bahamut: Genesis","TV","Finalizado","12","21461"
"283","Shingeki no Bahamut: Virgin Soul","TV","Finalizado","24","22252"
"284","Dogeza de Tanondemita","TV","Finalizado","12","74621"
"285","Maesetsu!","TV","Finalizado","12","16400"
"286","Tsukiuta. The Animation 2","TV","Finalizado","13","10572"
"287","Guraburu!","TV","Finalizado","12","18211"
"288","Toji no Miko: Kizamishi Issen no Tomoshibi","OVA","Finalizado","2","29171"
"289","D4DJ First Mix","TV","Finalizado","13","24337"
"290","Magatsu Wahrheit: Zuerst","TV","Finalizado","12","58915"
"291","Ochikobore Fruit Tart","TV","Finalizado","12","26266"
"292","Osomatsu-san 3rd Season","TV","Finalizado","25","17210"
"293","Gochuumon wa Usagi Desu ka? BLOOM","TV","Finalizado","12","20851"
"294","Taiso Samurai","TV","Finalizado","11","20889"
"295","Kamisama ni Natta hi","TV","Finalizado","12","92389"
"296","Adachi and Shimamura","TV","Finalizado","12","57449"
"297","Akudama Drive","TV","Finalizado","12","92954"
"298","Noblesse","TV","Finalizado","13","223152"
"299","Kimi to Boku no Saigo no Senjou, Aruiwa Sekai ga Hajimaru Seisen","TV","Finalizado","12","140492"
"300","Strike Witches: Road to Berlin","TV","Finalizado","12","20571"
"301","Watashi ni Tenshi ga Maiorita!","TV","Finalizado","13","24770"
"302","Ikebukuro West Gate Park","TV","Finalizado","12","43478"
"303","Maoujou de Oyasumi","TV","Finalizado","12","59963"
"304","One Room 3","TV","Finalizado","12","20503"
"305","Golden Kamuy 3","TV","Finalizado","12","25863"
"306","Yuukoku no Moriarty","TV","Finalizado","11","92838"
"307","Kami-tachi ni Hirowareta Otoko","TV","Finalizado","12","86358"
"308","Love Live! Nijigasaki Gakuen School Idol Doukoukai","TV","Finalizado","13","23229"
"309","Hypnosis Mic: Division Rap Battle - Rhyme Anima","TV","Finalizado","13","30468"
"310","Dragon Quest: Dai no Daibouken (2020)","TV","Emision","41","198850"
"311","Rail Romanesque","TV","Finalizado","12","22262"
"312","Munou na Nana","TV","Finalizado","13","134155"
"313","Date A Bullet: Dead or Bullet","Pelicula","Finalizado","2","110373"
"314","Animegataris","TV","Finalizado","12","9081"
"315","Senyoku no Sigrdrifa","TV","Finalizado","12","37982"
"316","Iwa Kakeru! Sport Climbing Girls","TV","Finalizado","12","43095"
"317","Hanyo no Yashahime","TV","Finalizado","24","212613"
"318","Mahouka Koukou no Rettousei: Raihousha-hen","TV","Finalizado","13","204062"
"319","Majo no Tabitabi","TV","Finalizado","12","78310"
"320","100-man no Inochi no Ue ni Ore wa Tatte Iru","TV","Finalizado","12","139010"
"321","King's Raid: Ishi wo Tsugumono-tachi","TV","Finalizado","26","123297"
"322","Tonikaku Kawaii","TV","Finalizado","13","632933"
"323","Haikyuu!!: To the Top 2nd Cour","TV","Finalizado","12","266387"
"324","Danmachi III","TV","Finalizado","12","333402"
"325","Assault Lily: Bouquet","TV","Finalizado","12","47248"
"326","Higurashi no Naku Koro ni (2020)","TV","Finalizado","24","122267"
"327","Burn the Witch","Pelicula","Finalizado","3","60951"
"328","Saenai Heroine no Sodatekata. Fine","Pelicula","Finalizado","1","59277"
"329","Kuma Kuma Kuma Bear","TV","Finalizado","12","60360"
"330","Love Live! Sunshine!! 2nd Season","TV","Finalizado","13","4530"
"331","Nakanohito Genome [Jikkyouchuu]: Knots of Memories","OVA","Finalizado","1","38824"
"332","Love Live! Sunshine!!","TV","Finalizado","13","6421"
"333","Jujutsu Kaisen","TV","Finalizado","25","1495917"
"334","Dragon's Dogma","TV","Finalizado","7","37373"
"335","Love Live! School Idol Project 2nd Season","TV","Finalizado","13","7777"
"336","Love Live! School Idol Project","TV","Finalizado","14","18382"
"337","Ookami to Koushinryou II: Holo no Short Anime","Especial","Finalizado","2","5219"
"338","Ookami to Koushinryou II","TV","Finalizado","12","16796"
"339","Ookami to Koushinryou II: Ookami to Kohakuiro no Yuuutsu","OVA","Finalizado","1","13303"
"340","Ookami to Koushinryou","TV","Finalizado","13","19535"
"341","Ta ga Tame no Alchemist","Pelicula","Finalizado","1","49698"
"342","Yuusha ni Narenakatta Ore wa Shibushibu Shuushoku wo Ketsui Shimashita. OVA","OVA","Finalizado","1","21027"
"343","Yuusha ni Narenakatta Ore wa Shibushibu Shuushoku wo Ketsui Shimashita.","TV","Finalizado","12","33593"
"344","Kuzu no Honkai","TV","Finalizado","12","55344"
"345","Ore no Imouto ga Konnani Kawaii Wake ga Nai 2","TV","Finalizado","16","26178"
"346","Ore no Imouto ga Konnani Kawaii Wake ga Nai","TV","Finalizado","16","29911"
"347","Seikon no Qwaser II Especiales","Especial","Finalizado","4","7924"
"348","Seikon no Qwaser Especiales","Especial","Finalizado","16","11243"
"349","Seikon no Qwaser II","TV","Finalizado","12","25621"
"350","Terra Formars: Bugs 2-hen","OVA","Finalizado","2","13272"
"351","Terra Formars: Revenge","TV","Finalizado","13","16231"
"352","Ore wo Suki nano wa Omae dake ka yo: Oretachi no Game Set","OVA","Finalizado","1","47485"
"353","Seikon no Qwaser","TV","Finalizado","25","53452"
"354","One Piece Film: Gold","Pelicula","Finalizado","1","32504"
"355","One Piece Film: Z","Pelicula","Finalizado","1","29344"
"356","One Piece 3D: Mugiwara Chase","Pelicula","Finalizado","1","13239"
"357","One Piece Film: Strong World","Pelicula","Finalizado","1","24198"
"358","Fairy Tail Movie 2: Dragon Cry","Pelicula","Finalizado","1","13565"
"359","Fairy Tail Movie 1: Houou no Miko - Hajimari no Asa","Especial","Finalizado","1","7153"
"360","Fairy Tail Movie 1: Houou no Miko","Pelicula","Finalizado","1","14362"
"361","Fairy Tail OVA","OVA","Finalizado","9","17465"
"362","Nagato Yuki-chan no Shoushitsu","TV","Finalizado","17","15808"
"363","Suzumiya Haruhi no Shoushitsu","Pelicula","Finalizado","1","19649"
"364","Suzumiya Haruhi no Yuuutsu (2009)","TV","Finalizado","14","20741"
"365","Zero no Tsukaima: F","TV","Finalizado","12","38348"
"366","Suzumiya Haruhi no Yuuutsu","TV","Finalizado","14","26396"
"367","Steel Angel Kurumi Zero","OVA","Finalizado","3","32296"
"368","Steel Angel Kurumi 2","TV","Finalizado","12","8539"
"369","Steel Angel Kurumi Encore","OVA","Finalizado","4","4616"
"370","Zero no Tsukaima: Princess no Rondo - Yuuwaku no Sunahama","OVA","Finalizado","1","19323"
"371","Zero no Tsukaima: Princess no Rondo","TV","Finalizado","12","29606"
"372","Zero no Tsukaima: Futatsuki no Kishi","TV","Finalizado","12","43176"
"373","Zero no Tsukaima","TV","Finalizado","13","63323"
"374","Steel Angel Kurumi","TV","Finalizado","24","15926"
"375","Soukou no Strain","TV","Finalizado","13","9518"
"376","Non Non Biyori Movie: Vacation","Pelicula","Finalizado","1","5355"
"377","Non Non Biyori Repeat: Hotaru ga Tanoshinda","OVA","Finalizado","1","4187"
"378","Non Non Biyori Repeat","TV","Finalizado","12","10773"
"379","Non Non Biyori","TV","Finalizado","12","20056"
"380","Gochuumon wa Usagi Desu ka??: Sing for You","OVA","Finalizado","1","5327"
"381","Gochuumon wa Usagi Desu ka??: Dear My Sister","Pelicula","Finalizado","1","5534"
"382","Gochuumon wa Usagi Desu ka??","TV","Finalizado","12","9769"
"383","Boku no Hero Academia: Ikinokore! Kesshi no Survival Kunren","OVA","Finalizado","2","119049"
"384","Gochuumon wa Usagi Desu ka?","TV","Finalizado","12","10450"
"385","Saenai Heroine no Sodatekata Flat","TV","Finalizado","12","43713"
"386","Saenai Heroine no Sodatekata","TV","Finalizado","13","60827"
"387","B-gata H-kei","TV","Finalizado","12","34189"
"388","Sayonara no Asa ni Yakusoku no Hana wo Kazarou","Pelicula","Finalizado","1","28275"
"389","Minami no Shima no Dera-chan","TV","Finalizado","1","8814"
"390","Tamako Love Story","Pelicula","Finalizado","1","20868"
"391","Tamako Market","TV","Finalizado","12","19051"
"392","JoJo's Bizarre Adventure: Diamond is Unbreakable","TV","Finalizado","39","75802"
"393","Onegai Teacher","TV","Finalizado","13","36375"
"394","Shijou Saikyou no Deshi Kenichi OVA","OVA","Finalizado","11","36239"
"395","JoJo's Bizarre Adventure","TV","Finalizado","26","93792"
"396","Ano Hi Mita Hana no Namae wo Bokutachi wa Mada Shiranai Movie","TV","Finalizado","1","12650"
"397","Ano Hi Mita Hana no Namae wo Bokutachi wa Mada Shiranai","TV","Finalizado","11","15434"
"398","Gin no Saji 2","TV","Finalizado","11","4222"
"399","Gin no Saji","TV","Finalizado","11","7182"
"400","Hakubo","Pelicula","Finalizado","1","27157"
"401","Aku no Hana","TV","Finalizado","13","19557"
"402","Another","TV","Finalizado","13","97029"
"403","Terra Formars","TV","Finalizado","13","28357"
"404","Soul Eater Not!","TV","Finalizado","12","13570"
"405","Ladies versus Butlers!","TV","Finalizado","12","23531"
"406","Air","TV","Finalizado","13","9680"
"407","Campione!","TV","Finalizado","13","20891"
"408","Absolute Duo","TV","Finalizado","12","34508"
"409","Hyouka","TV","Finalizado","23","102666"
"410","Durarara!!x2 Ten","TV","Finalizado","12","14270"
"411","Durarara!! x2 Shou","TV","Finalizado","12","10837"
"412","Durarara!!","TV","Finalizado","25","30347"
"413","Kenichi","TV","Finalizado","50","87307"
"414","Watamote!","TV","Finalizado","13","20131"
"415","Sakurasou no Pet na Kanojo","TV","Finalizado","24","50601"
"416","Ansatsu Kyoushitsu OVA","TV","Finalizado","1","34822"
"417","Digimon Adventure: Last Evolution Kizuna","Pelicula","Finalizado","1","43319"
"418","Ansatsu Kyoushitsu 2","TV","Finalizado","25","51971"
"419","Nisekoi:S2","TV","Finalizado","13","33587"
"420","Soul Eater","TV","Finalizado","51","47489"
"421","Ore Monogatari!!","TV","Finalizado","24","36898"
"422","Ansatsu Kyoushitsu","TV","Finalizado","22","121770"
"423","Nisekoi","TV","Finalizado","20","90932"
"424","Goblin Slayer: Goblin's Crown","OVA","Finalizado","1","58222"
"425","Kill la Kill","TV","Finalizado","25","37232"
"426","Citrus","TV","Finalizado","12","84282"
"427","Gamers!","TV","Finalizado","12","51853"
"428","Guilty Crown","TV","Finalizado","23","39644"
"429","Circlet Princess","TV","Finalizado","12","15039"
"430","Golden Kamuy 2nd Season","TV","Finalizado","12","16945"
"431","Golden Kamuy","TV","Finalizado","12","26330"
"432","Gate: Jieitai Kanochi nite, Kaku Tatakaeri - Enryuu-hen","TV","Finalizado","12","34055"
"433","Gate: Jieitai Kanochi nite, Kaku Tatakaeri","TV","Finalizado","12","52466"
"434","JoJo's Bizarre Adventure: Stardust Crusaders - Battle in Egypt","TV","Finalizado","24","62043"
"435","JoJo's Bizarre Adventure: Stardust Crusaders","TV","Finalizado","24","77831"
"436","ReLIFE: Kanketsu-hen","TV","Finalizado","4","21137"
"437","ReLIFE","TV","Finalizado","13","40503"
"438","Gintama.: Shirogane no Tamashii-hen - Kouhan-sen","TV","Finalizado","14","16998"
"439","Gintama.: Shirogane no Tamashii-hen","TV","Finalizado","12","15361"
"440","Ninja Collection","TV","Finalizado","11","40045"
"441","Gintama.: Porori-hen","TV","Finalizado","13","11700"
"442","Gintama 2017","TV","Finalizado","12","13912"
"443","Boku no Hero Academia the Movie 2: Heroes Rising","Pelicula","Finalizado","1","155684"
"444","Tachibanakan Triangle","TV","Finalizado","12","60019"
"445","Nihon Chinbotsu 2020","TV","Finalizado","10","40375"
"446","Gintama 2015","TV","Finalizado","51","18630"
"447","Gintama 2012","TV","Finalizado","13","15150"
"448","Gintama Movie 2: Kanketsu-hen - Yorozuya yo Eien Nare","Pelicula","Finalizado","1","13333"
"449","Gintama Movie 1: Shinyaku Benizakura-hen","Pelicula","Finalizado","1","8943"
"450","Gintama 2011","TV","Finalizado","51","22167"
"451","Boku no Hero Academia the Movie 1: Futari no Hero","Pelicula","Finalizado","1","112215"
"452","Umayon","TV","Finalizado","12","21028"
"453","Gintama","TV","Finalizado","201","74438"
"454","Omamori Himari","TV","Finalizado","12","76898"
"455","Angel Beats!: Epilogo","Especial","Finalizado","1","13912"
"456","Angel Beats! OVA","OVA","Finalizado","1","11563"
"457","Angel Beats!","TV","Finalizado","13","30938"
"458","Shimoneta to Iu Gainen ga Sonzai Shinai Taikutsu na Sekai","TV","Finalizado","12","125516"
"459","Clannad Movie","Pelicula","Finalizado","1","13297"
"460","Grisaia: Phantom Trigger The Animation","Pelicula","Proximamente","2","21068"
"461","Clannad: After Story","TV","Finalizado","25","21944"
"462","Clannad","TV","Finalizado","24","31145"
"463","Mahoutsukai no Yome","TV","Finalizado","24","65870"
"464","Mahoutsukai no Yome: Hoshi Matsu Hito","OVA","Finalizado","3","22168"
"465","Hitoribocchi no Marumaru Seikatsu","TV","Finalizado","12","22874"
"466","Manyuu Hikenchou Especiales","TV","Finalizado","8","15238"
"467","Manyuu Hikenchou","TV","Finalizado","12","49176"
"468","Mirai Nikki Redial","OVA","Finalizado","1","28232"
"469","Mirai Nikki","TV","Finalizado","26","86082"
"470","Maji de Watashi ni Koi Shinasai!","TV","Finalizado","12","34583"
"471","KakeguruiX","TV","Finalizado","12","76836"
"472","Kakegurui","TV","Finalizado","12","154103"
"473","Mirai no Mirai","Pelicula","Finalizado","1","8385"
"474","Koi to Producer: EVOLXLOVE","TV","Finalizado","12","57163"
"475","Gibiate","TV","Finalizado","12","71012"
"476","Monster Musume no Oisha-san","TV","Finalizado","12","169781"
"477","Sword Art Online: Alicization - War of Underworld Part 2","TV","Finalizado","11","400546"
"478","Peter Grill to Kenja no Jikan","TV","Finalizado","12","197320"
"479","Uzaki-chan wa Asobitai!","TV","Finalizado","12","391863"
"480","Kanojo, Okarishimasu","TV","Finalizado","12","361882"
"481","No Guns Life 2nd Season","TV","Finalizado","12","31035"
"482","Yahari Ore no Seishun Love Comedy wa Machigatteiru. Kan","TV","Finalizado","12","264382"
"483","Re:Zero kara Hajimeru Isekai Seikatsu 2nd Season Part 1","TV","Finalizado","13","360780"
"484","Deca-Dence","TV","Finalizado","12","95970"
"485","Senran Kagura Shinovi Master: Tokyo Youma-hen","TV","Finalizado","12","27385"
"486","Muhyo to Roujii no Mahouritsu Soudan Jimusho 2nd Season","TV","Finalizado","12","70955"
"487","Senran Kagura Estival Versus: Shoujo-tachi no Sentaku","OVA","Finalizado","1","32895"
"488","Senran Kagura Specials","Especial","Finalizado","6","19178"
"489","Healin' Good<U+2661>Precure","TV","Finalizado","45","29965"
"490","The God of High School","TV","Finalizado","13","551617"
"491","Lapis Re:LiGHTs","TV","Finalizado","12","21704"
"492","Senran Kagura","TV","Finalizado","12","46765"
"493","Maou Gakuin no Futekigousha","TV","Finalizado","13","349645"
"494","Rurouni Kenshin Latino","TV","Finalizado","95","22078"
"495","Okusama ga Seitokaichou! Plus","TV","Finalizado","12","36201"
"496","Okusama ga Seitokaichou!","TV","Finalizado","13","73896"
"497","Dog Days''","TV","Finalizado","12","10563"
"498","Dokyuu Hentai HxEros","TV","Finalizado","12","230915"
"499","Enn Enn no Shouboutai: Ni no Shou","TV","Finalizado","24","395643"
"500","Saint Seiya: The Lost Canvas","TV","Finalizado","26","20719"
"501","Dog Days'","TV","Finalizado","13","10906"
"502","Dog Days","TV","Finalizado","13","20622"
"503","Boku wa Tomodachi ga Sukunai Next","TV","Finalizado","13","34978"
"504","Boku wa Tomodachi ga Sukunai","TV","Finalizado","13","59347"
"505","Shinmai Maou no Testament Departures","TV","Finalizado","1","45519"
"506","Shinmai Maou no Testament Burst","TV","Finalizado","11","82190"
"507","Muhyo to Rouji no Mahouritsu Soudan Jimusho","TV","Finalizado","12","35048"
"508","Shinmai Maou no Testament","TV","Finalizado","13","121317"
"509","3D Kanojo: Real Girl","TV","Finalizado","24","28268"
"510","Bungou Stray Dogs: Dead Apple","Pelicula","Finalizado","1","17504"
"511","Bungou Stray Dogs 3","TV","Finalizado","12","25998"
"512","Bungou Stray Dogs 2","TV","Finalizado","12","26063"
"513","Bungou Stray Dogs","TV","Finalizado","12","76960"
"514","Ranma 1/2 Peliculas Latino","Pelicula","Finalizado","2","9908"
"515","Ranma 1/2 OVAS","OVA","Finalizado","13","17936"
"516","Evangelion: 3.0 You Can (Not) Redo","Pelicula","Finalizado","1","30180"
"517","Evangelion: 2.0 You Can (Not) Advance","Pelicula","Finalizado","1","23827"
"518","Dorohedoro: Ma no Omake","OVA","Finalizado","1","26274"
"519","Evangelion: 1.0 You Are (Not) Alone","Pelicula","Finalizado","1","30519"
"520","Nakitai Watashi wa Neko wo Kaburu","Pelicula","Finalizado","1","54842"
"521","Ranma 1/2 Latino","TV","Finalizado","161","56093"
"522","Girls Bravo","TV","Finalizado","24","47513"
"523","Uma Musume: Pretty Derby - BNW no Chikai","OVA","Finalizado","3","8228"
"524","Uma Musume: Pretty Derby","TV","Finalizado","13","22855"
"525","Hundred","TV","Finalizado","12","55478"
"526","Hellsing Ultimate","OVA","Finalizado","10","34447"
"527","Hellsing: The Dawn","Especial","Finalizado","3","23699"
"528","Hellsing Latino","TV","Finalizado","13","23165"
"529","Sekirei: Pure Engagement","TV","Finalizado","14","35655"
"530","Sekirei","TV","Finalizado","13","57893"
"531","Kiseijuu: Sei no Kakuritsu (Parasyte)","TV","Finalizado","24","41792"
"532","Trinity Seven","TV","Finalizado","13","78509"
"533","Trinity Seven Movie 2: Heavens Library to Crimson Lord","Pelicula","Finalizado","1","23576"
"534","Trinity Seven Movie 1: Eternity Library to Alchemic Girl","Pelicula","Finalizado","1","26949"
"535","Blood-C: The Last Dark","Pelicula","Finalizado","1","19452"
"536","Blood-C","TV","Finalizado","12","48515"
"537","Occultic;Nine","TV","Finalizado","12","8860"
"538","Fate/Apocrypha","TV","Finalizado","25","23841"
"539","Fate/stay night: Unlimited Blade Works","TV","Finalizado","27","49754"
"540","Yuragi-sou no Yuuna-san OVAS","OVA","Finalizado","4","51010"
"541","Yuragi-sou no Yuuna-san","TV","Finalizado","12","74500"
"542","Prison School","TV","Finalizado","13","122349"
"543","Fate/stay night","TV","Finalizado","24","47647"
"544","Fate/Extra: Last Encore","TV","Finalizado","13","18647"
"545","Akame ga Kill!","TV","Finalizado","24","102440"
"546","Rakudai Kishi no Cavalry","TV","Finalizado","12","83871"
"547","Steins;Gate Movie: Fuka Ryouiki no Deja vu","Pelicula","Finalizado","1","16415"
"548","Steins;Gate 0","TV","Finalizado","24","19866"
"549","Steins;Gate","TV","Finalizado","25","44030"
"550","Tenchi Muyou! Ryououki 4th Season","OVA","Finalizado","4","14256"
"551","Baki: Dai Raitaisai-hen","TV","Finalizado","13","102386"
"552","Domestic na Kanojo","TV","Finalizado","12","127730"
"553","Kobayashi-san Chi no Maid Dragon","TV","Finalizado","14","176516"
"554","The Great Pretender","TV","Finalizado","23","122928"
"555","D.Gray-man Hallow","TV","Finalizado","13","16976"
"556","Dragon Crisis!","TV","Finalizado","12","24021"
"557","Blend S","TV","Finalizado","12","43844"
"558","Akuma no Riddle","TV","Finalizado","13","29093"
"559","D.Gray-man","TV","Finalizado","103","44205"
"560","Suisei no Gargantia: Meguru Kouro, Haruka","OVA","Finalizado","2","18488"
"561","Suisei no Gargantia","TV","Finalizado","15","28578"
"562","Saint Seiya Latino","TV","Finalizado","114","18353"
"563","Kuutei Dragons Latino","TV","Finalizado","12","15537"
"564","Kuutei Dragons: Drifting Dragons","TV","Finalizado","12","18141"
"565","Shingeki no Kyojin OVAS","OVA","Finalizado","5","111525"
"566","Shingeki no Kyojin: Lost Girls","OVA","Finalizado","3","64991"
"567","Inuyasha Peliculas","Pelicula","Finalizado","4","20910"
"568","Grisaia no Rakuen Especiales","Especial","Finalizado","5","11962"
"569","Grisaia no Rakuen","TV","Finalizado","10","42271"
"570","InuYasha: Kanketsu-hen","TV","Finalizado","26","49956"
"571","Sankarea","TV","Finalizado","16","68359"
"572","Dororo","TV","Finalizado","24","114080"
"573","Grisaia no Meikyuu Especiales","Especial","Finalizado","1","11681"
"574","Grisaia no Meikyuu","TV","Finalizado","1","42674"
"575","Rokka no Yuusha","TV","Finalizado","12","40846"
"576","Fate/Zero","TV","Finalizado","25","47442"
"577","Grisaia no Kajitsu Especiales","Especial","Finalizado","6","33451"
"578","Grisaia no Kajitsu","TV","Finalizado","13","67346"
"579","Soukyuu no Fafner: Dead Aggressor - Exodus","TV","Finalizado","26","8419"
"580","Bokura no Nanokakan Sensou","Pelicula","Finalizado","1","36369"
"581","Soukyuu no Fafner: Dead Aggressor - Heaven and Earth","Pelicula","Finalizado","1","15193"
"582","Dragon Ball Z Latino","TV","Finalizado","291","146265"
"583","Death Parade","TV","Finalizado","12","46240"
"584","Soukyuu no Fafner: Right of Left - Single Program","Especial","Finalizado","1","12677"
"585","Soukyuu no Fafner: Dead Aggressor","TV","Finalizado","25","16501"
"586","InuYasha Latino","TV","Finalizado","167","111435"
"587","Fragtime","Pelicula","Finalizado","1","34933"
"588","Ao no Exorcist: Kyoto Fujouou-hen","TV","Finalizado","13","45549"
"589","Kimi no Na wa.","Pelicula","Finalizado","1","63612"
"590","Akkun to Kanojo","TV","Finalizado","25","36449"
"591","World Trigger","TV","Finalizado","73","61876"
"592","C: The Money of Soul and Possibility Control","TV","Finalizado","11","30276"
"593","Ao no Exorcist: Gekijouban","Pelicula","Finalizado","1","20461"
"594","Ao no Exorcist","TV","Finalizado","26","67140"
"595","Brave 10","TV","Finalizado","12","20604"
"596","Fractale","TV","Finalizado","11","7802"
"597","Death note","TV","Finalizado","37","191795"
"598","Owari no Seraph: Nagoya Kessen-hen","TV","Finalizado","16","83882"
"599","Wotaku ni Koi wa Muzukashii","TV","Finalizado","12","89038"
"600","Katekyo Hitman Reborn!","TV","Finalizado","204","58133"
"601","Demi-chan wa Kataritai","TV","Finalizado","13","21945"
"602","Neon Genesis Evangelion","TV","Finalizado","26","89618"
"603","Kekkai Sensen & Beyond","TV","Finalizado","13","30613"
"604","Owari no Seraph","TV","Finalizado","17","133034"
"605","D-Frag!","TV","Finalizado","13","18146"
"606","Koi to Uso","TV","Finalizado","13","49617"
"607","Cowboy Bebop","TV","Finalizado","26","113780"
"608","Naruto Peliculas","Pelicula","Finalizado","3","77566"
"609","JoJo's Bizarre Adventure: Golden Wind","TV","Finalizado","39","119275"
"610","Naruto Shippuden Peliculas","Pelicula","Finalizado","8","143548"
"611","Sumomomo Momomo: Chijou Saikyou no Yome","TV","Finalizado","24","19704"
"612","Doukyonin wa Hiza, Tokidoki, Atama no Ue.","TV","Finalizado","12","11967"
"613","Eromanga-sensei","TV","Finalizado","14","44964"
"614","Yamada-kun to 7-nin no Majo: Mou Hitotsu no Suzaku-sai","OVA","Finalizado","2","27447"
"615","Yamada-kun to 7-nin no Majo","TV","Finalizado","12","46207"
"616","Kekkai Sensen","TV","Finalizado","13","78750"
"617","Chuunibyou demo Koi ga Shitai! Movie: Take On Me","Pelicula","Finalizado","1","36520"
"618","Chuunibyou demo Koi ga Shitai! Ren","TV","Finalizado","12","82662"
"619","Tenki no Ko","Pelicula","Finalizado","1","114385"
"620","Renai Boukun","TV","Finalizado","12","55778"
"621","Himouto! Umaru-chan R","TV","Finalizado","12","46412"
"622","Chuunibyou demo Koi ga Shitai!","TV","Finalizado","13","150897"
"623","Himouto! Umaru-chan Specials","Especial","Finalizado","12","26583"
"624","Himouto! Umaru-chan","TV","Finalizado","13","107419"
"625","Naruto Shippuden","TV","Finalizado","500","1963939"
"626","Drifters: Special Edition","OVA","Finalizado","1","17269"
"627","Drifters","TV","Finalizado","14","47959"
"628","Shingeki no Kyojin: Season 3","TV","Finalizado","22","565740"
"629","Shingeki no Kyojin: Season 2","TV","Finalizado","12","435357"
"630","Shingeki no Kyojin","TV","Finalizado","25","1111373"
"631","Kitsutsuki Tanteidokoro: Woodpecker Detective's Office","TV","Finalizado","12","21099"
"632","Kono Bijutsubu ni wa Mondai ga Aru!","TV","Finalizado","12","22581"
"633","Hunter x Hunter (2011)","TV","Finalizado","148","524751"
"634","Charlotte","TV","Finalizado","14","130710"
"635","Fairy Tail 2014","TV","Finalizado","102","84465"
"636","Highschool of the Dead","TV","Finalizado","13","80813"
"637","Hello World","Pelicula","Finalizado","1","129417"
"638","Another World","OVA","Finalizado","3","51907"
"639","Shuumatsu no Izetta","TV","Finalizado","12","18312"
"640","Kaguya-sama wa Kokurasetai? Tensai-tachi no Renai Zunousen 2","TV","Finalizado","12","299079"
"641","Zashiki-Warashi no Tatami-chan","TV","Finalizado","12","10576"
"642","Shokugeki no Souma: Gou no Sara","TV","Finalizado","13","210467"
"643","Fugou Keiji: Balance:UNLIMITED","TV","Finalizado","11","85588"
"644","Pandora Hearts","TV","Finalizado","25","31533"
"645","Sol Levante","TV","Finalizado","1","52449"
"646","Sousei no Onmyouji","TV","Finalizado","50","115308"
"647","Houkago Teibou Nisshi","TV","Finalizado","12","29576"
"648","Gundam Build Divers Re:Rise 2nd Season","TV","Finalizado","13","36768"
"649","Strike the Blood IV","OVA","Finalizado","12","355856"
"650","Shadowverse","TV","Finalizado","50","65475"
"651","Naruto Latino","TV","Finalizado","217","498734"
"652","Kyoukai no Kanata Idol Saiban! Mayoi Nagara mo Kimi wo Sabaku Tami","Especial","Finalizado","3","7034"
"653","Kyoukai no Kanata: I’ll Be Here – Mirai-hen","Pelicula","Finalizado","1","29075"
"654","Kyoukai no Kanata: I’ll Be Here – Kako-hen","Pelicula","Finalizado","1","28861"
"655","Kyoukai no Kanata OVA","OVA","Finalizado","1","20936"
"656","Jashin-chan Dropkick 2","TV","Finalizado","12","28164"
"657","Princess Connect! Re:Dive","TV","Finalizado","13","110938"
"658","Fruits Basket 2nd Season","TV","Finalizado","25","78266"
"659","Shironeko Project: Zero Chronicle","TV","Finalizado","12","99966"
"660","Yu<U+2606>Gi<U+2606>Oh: Sevens","TV","Emision","53","80694"
"661","Noragami Aragoto","TV","Finalizado","13","65343"
"662","Ore no Yubi de Midarero. Heitengo Futarikiri no Salon de…","TV","Finalizado","8","127285"
"663","Noragami","TV","Finalizado","14","102128"
"664","Shachou, Battle no Jikan desu!","TV","Finalizado","12","32877"
"665","Gleipnir","TV","Finalizado","13","246761"
"666","Tsugu Tsugumomo","TV","Finalizado","12","130955"
"667","Kingdom 3rd Season","TV","Emision","15","53446"
"668","Digimon Adventure (2020)","TV","Emision","58","170669"
"669","Fullmetal Alchemist: Brotherhood","TV","Finalizado","64","144304"
"670","Asatir: Mirai no Mukashibanashi","TV","Finalizado","13","13294"
"671","Yesterday wo Utatte","TV","Finalizado","12","94811"
"672","Honzuki no Gekokujou: Shisho ni Naru Tame ni wa Shudan wo Erandeiraremasen 2nd Season","TV","Finalizado","12","33696"
"673","Major 2nd Second Series","TV","Finalizado","25","24390"
"674","Gal to Kyouryuu","TV","Finalizado","12","24966"
"675","Otome Game no Hametsu Flag shika Nai Akuyaku Reijou ni Tensei shite Shimatta…","TV","Finalizado","12","90268"
"676","Arte","TV","Finalizado","11","23163"
"677","Tokyo Ghoul: re  2","TV","Finalizado","12","103163"
"678","Tokyo Ghoul: re","TV","Finalizado","12","110800"
"679","Bungo to Alchemist: Shinpan no Haguruma","TV","Finalizado","13","48709"
"680","JoJo´s: Thus Spoke Kishibe Rohan Ovas","OVA","Finalizado","4","79775"
"681","Shin Sakura Taisen the Animation","TV","Finalizado","12","53694"
"682","Re:Zero kara Hajimeru Isekai Seikatsu - Hyouketsu no Kizuna","OVA","Finalizado","1","54787"
"683","Mob Psycho 100","TV","Finalizado","13","153505"
"684","Altered Carbon: Resleeved","TV","Finalizado","1","14631"
"685","Appare-Ranman!","TV","Finalizado","13","44216"
"686","Kingdom 2","TV","Finalizado","39","27609"
"687","Bleach: Ovas","OVA","Finalizado","2","21435"
"688","Bleach: Peliculas","Pelicula","Finalizado","4","23250"
"689","Kyoukai no Kanata","TV","Finalizado","12","91537"
"690","Nami yo Kiite Kure","TV","Finalizado","12","37428"
"691","Listeners","TV","Finalizado","12","30655"
"692","Kakushigoto","TV","Finalizado","12","50357"
"693","Hachi-nan tte, Sore wa Nai deshou!","TV","Finalizado","12","144114"
"694","Kami no Tou: Tower of God","TV","Finalizado","13","532445"
"695","7 Seeds Part 2","TV","Finalizado","12","38586"
"696","Psycho-Pass 3: First Inspector","Pelicula","Finalizado","3","18961"
"697","7 Seeds","TV","Finalizado","12","50620"
"698","Baki","TV","Finalizado","26","86089"
"699","Grappler Baki (TV)","TV","Finalizado","24","49551"
"700","Grappler Baki: Saidai Tournament-hen","TV","Finalizado","25","36817"
"701","Log Horizon 2","TV","Finalizado","25","31099"
"702","Log Horizon","TV","Finalizado","25","52013"
"703","Inu to Hasami wa Tsukaiyou (Dog & Scissors)","TV","Finalizado","12","19313"
"704","BNA: Brand New Animal","TV","Finalizado","12","196385"
"705","One Room 2nd Season","TV","Finalizado","14","16932"
"706","One Room","TV","Finalizado","13","35049"
"707","Sakamoto desu ga?","TV","Finalizado","13","29925"
"708","Monster Musume no Iru Nichijou","TV","Finalizado","14","100463"
"709","Tamayomi","TV","Finalizado","12","26908"
"710","Beastars Latino","TV","Finalizado","12","70927"
"711","Gatchaman Crowds Insight","TV","Finalizado","13","20784"
"712","Zoku Owarimonogatari","TV","Finalizado","6","28121"
"713","Owarimonogatari 2","TV","Finalizado","7","27640"
"714","Owarimonogatari","TV","Finalizado","12","32093"
"715","Tsukimonogatari","TV","Finalizado","4","15575"
"716","Monogatari Series: Second Season","TV","Finalizado","26","35845"
"717","Nisemonogatari","TV","Finalizado","11","31117"
"718","Koyomimonogatari","TV","Finalizado","12","21448"
"719","Tenchi Muyou! Ryououki 5th Season","TV","Finalizado","6","67319"
"720","Gatchaman Crowds","TV","Finalizado","12","13486"
"721","Pan de Peace!","TV","Finalizado","13","12324"
"722","Made in Abyss Movie 3: Fukaki Tamashii no Reimei","Pelicula","Finalizado","1","87519"
"723","Castlevania 3","TV","Finalizado","10","55935"
"724","Aho Girl","TV","Finalizado","12","40400"
"725","Freezing Vibration Especiales","Especial","Finalizado","6","14285"
"726","Freezing Especiales","Especial","Finalizado","6","19408"
"727","Rosario + Vampire Capu2","TV","Finalizado","13","33424"
"728","Elfen Lied","TV","Finalizado","14","57350"
"729","Senryuu Shoujo","TV","Finalizado","12","11556"
"730","Higurashi no Naku Koro ni Kira","TV","Finalizado","4","8772"
"731","Higurashi no Naku Koro ni Rei","TV","Finalizado","6","18758"
"732","Higurashi no Naku Koro ni Kai","TV","Finalizado","24","31050"
"733","Higurashi no Naku Koro ni","TV","Finalizado","26","35585"
"734","Made in Abyss: Tabidachi no Yoake","Pelicula","Finalizado","2","54040"
"735","Made in Abyss","TV","Finalizado","13","44491"
"736","Pokemon Peliculas","Pelicula","Finalizado","1","18632"
"737","Rokujouma no Shinryakusha!?","TV","Finalizado","12","41076"
"738","Tokyo Magnitude 8.0","TV","Finalizado","11","12200"
"739","Freezing Vibration","TV","Finalizado","12","21208"
"740","Freezing","TV","Finalizado","12","36944"
"741","Tsuki ga Kirei","TV","Finalizado","12","46521"
"742","Koutetsujou no Kabaneri Movie: Unato Kessen","Pelicula","Finalizado","3","36418"
"743","Koutetsujou no Kabaneri","TV","Finalizado","12","51947"
"744","Castlevania Season 2","TV","Finalizado","8","35776"
"745","Rosario + Vampire","TV","Finalizado","13","45504"
"746","Omae Umasou da na (You Are Umasou)","Pelicula","Finalizado","1","18972"
"747","Castlevania","TV","Finalizado","4","40762"
"748","Hai to Gensou no Grimgar","TV","Finalizado","13","35117"
"749","Black Bullet","TV","Finalizado","13","54087"
"750","Hanamonogatari","TV","Finalizado","5","30951"
"751","Kizumonogatari","Pelicula","Finalizado","3","30858"
"752","Bakemonogatari","TV","Finalizado","15","73622"
"753","Nekomonogatari","TV","Finalizado","4","26698"
"754","Tasogare Otome x Amnesia","TV","Finalizado","13","26974"
"755","Tate no Yuusha no Nariagari","TV","Finalizado","25","216003"
"756","Fuuka","TV","Finalizado","12","28748"
"757","Goblin Slayer","TV","Finalizado","13","78862"
"758","Knight's & Magic","TV","Finalizado","13","36336"
"759","High School DxD Hero","TV","Finalizado","13","182700"
"760","Yosuga no Sora","TV","Finalizado","12","147753"
"761","Tokyo Ghoul vA","TV","Finalizado","12","193986"
"762","Mushikago no Cagaster","TV","Finalizado","12","80982"
"763","Youkoso Jitsuryoku Shijou Shugi no Kyoushitsu e","TV","Finalizado","12","101326"
"764","Eat-Man '98","TV","Finalizado","12","8563"
"765","Promare","Pelicula","Finalizado","2","42943"
"766","Infinite Stratos 2","TV","Finalizado","13","37528"
"767","Infinite Stratos","TV","Finalizado","13","50200"
"768","Amagi Brilliant Park","TV","Finalizado","14","17735"
"769","Tokyo Ghoul","TV","Finalizado","12","306936"
"770","Digimon Adventure Latino","TV","Finalizado","54","26844"
"771","Violet Evergarden Gaiden: Eien to Jidou Shuki Ningyou","Pelicula","Finalizado","1","43004"
"772","Strike the Blood: Kieta Seisou-hen","OVA","Finalizado","1","68981"
"773","Danmachi II OVA","OVA","Finalizado","1","114969"
"774","Tsugumomo OVA","OVA","Finalizado","1","35122"
"775","High School DxD OVAS","TV","Finalizado","4","74170"
"776","High School DxD Especiales","TV","Finalizado","6","69010"
"777","High School DxD Born Especiales","TV","Finalizado","6","52814"
"778","Bleach","TV","Finalizado","366","320247"
"779","Kaguya-sama wa Kokurasetai: Tensai-tachi no Ren'ai Zunousen","TV","Finalizado","12","143531"
"780","Jashin-chan Dropkick","TV","Finalizado","12","18643"
"781","Kingdom","TV","Finalizado","38","31127"
"782","Show by Rock!! Short!!","TV","Finalizado","12","3750"
"783","Show by Rock!!","TV","Finalizado","12","6759"
"784","Ni no Kuni","Pelicula","Finalizado","1","18852"
"785","Isekai Quartet 2","TV","Finalizado","12","49102"
"786","Saiki Kusuo no Psi Nan 2","TV","Finalizado","24","136436"
"787","Yahari Ore no Seishun Love Come wa Machigatteiru. Zoku","TV","Finalizado","14","90276"
"788","Yahari Ore no Seishun Love Come wa Machigatteiru","TV","Finalizado","14","90913"
"789","BanG Dream! S2","TV","Finalizado","13","3394"
"790","ARP Backstage Pass","TV","Finalizado","12","7875"
"791","Dorohedoro","TV","Finalizado","12","128224"
"792","Kyokou Suiri (In/Spectre)","TV","Finalizado","12","105915"
"793","Oda Cinnamon Nobunaga","TV","Finalizado","12","19017"
"794","Haikyuu!!: Riku vs. Kuu","TV","Finalizado","2","53507"
"795","22/7","TV","Finalizado","14","24201"
"796","Kyochuu Rettou","OVA","Finalizado","1","10382"
"797","Kyochuu Rettou Movie","Pelicula","Finalizado","1","18671"
"798","BanG Dream!","TV","Finalizado","12","5163"
"799","Haikyuu!!: To the Top","TV","Finalizado","13","235123"
"800","Toaru Kagaku no Railgun T","TV","Finalizado","25","69667"
"801","Rikei ga Koi ni Ochita no de Shoumei Shite Mita","TV","Finalizado","12","49952"
"802","Boku no Tonari ni Ankoku Hankaishin ga Imasu","TV","Finalizado","12","34788"
"803","Runway de Waratte","TV","Finalizado","12","43360"
"804","Housekishou Richard-shi no Nazo Kantei","TV","Finalizado","12","23075"
"805","NekoPara (TV)","TV","Finalizado","12","44121"
"806","Oshi ga Budoukan Ittekuretara Shinu","TV","Finalizado","12","15667"
"807","Jibaku Shounen Hanako-kun","TV","Finalizado","12","222947"
"808","Infinite Dendrogram","TV","Finalizado","13","51063"
"809","Show By Rock!! Mashumairesh!!","TV","Finalizado","12","11528"
"810","Hatena<U+2606>Illusion","TV","Finalizado","12","27333"
"811","Uchi Tama?! Uchi no Tama Shirimasenka?","TV","Finalizado","11","9763"
"812","Breakers","TV","Finalizado","16","31842"
"813","number24","TV","Finalizado","12","15487"
"814","Itai no wa Iya nano de Bougyoryoku ni Kyokufuri Shitai to Omoimasu","TV","Finalizado","12","121442"
"815","Majutsushi Orphen Hagure Tabi","TV","Finalizado","14","65841"
"816","BanG Dream! 3rd Season","TV","Finalizado","13","8863"
"817","IDOLiSH7: Second Beat!","TV","Finalizado","15","19417"
"818","Murenase! Seton Gakuen","TV","Finalizado","13","154233"
"819","Heya Camp<U+25B3>(Room Camp)","TV","Finalizado","13","15018"
"820","Saiki Kusuo no Psi Nan","TV","Finalizado","24","124784"
"821","Overflow","TV","Finalizado","8","485215"
"822","Yatogame-chan Kansatsu Nikki 2 Satsume","TV","Finalizado","12","19837"
"823","Eizouken ni wa Te wo Dasuna!","TV","Finalizado","12","39419"
"824","Pet","TV","Finalizado","13","34734"
"825","Somali to Mori no Kamisama","TV","Finalizado","12","44858"
"826","One Piece Pelicula 14: Stampede","Pelicula","Finalizado","1","133898"
"827","One Piece Pelicula 9: Episode Of Chopper Plus - Bloom In The Winter, Miracle Sakura","Pelicula","Finalizado","1","18052"
"828","One Piece Pelicula 8 - The Desert Princess And The Pirates: Adventures In Alabasta","Pelicula","Finalizado","1","18576"
"829","One Piece Pelicula 7: Karakurijou No Mecha Kyohei","Pelicula","Finalizado","1","17565"
"830","One Piece Pelicula 6: Baron Omatsuri And The Secret Island","Pelicula","Finalizado","1","16067"
"831","One Piece Pelicula 5: The Curse Of The Sacred Sword","Pelicula","Finalizado","1","17112"
"832","One Piece Pelicula 4: Dead End no Bouken","Pelicula","Finalizado","1","20165"
"833","One Piece Pelicula 3: Chinjuu-jima no Chopper Oukoku","Pelicula","Finalizado","1","16534"
"834","One Piece Pelicula 2: Clockwork Island Adventure","Pelicula","Finalizado","1","20045"
"835","One Piece Pelicula 1: The Movie","Pelicula","Finalizado","1","30008"
"836","Ishuzoku Reviewers","TV","Finalizado","12","267454"
"837","Magia Record: Mahou Shoujo Madoka<U+2605>Magica Gaiden","TV","Finalizado","13","52947"
"838","Yakusoku no Neverland","TV","Finalizado","12","236178"
"839","Fate/Grand Order: Himuro no Tenchi 7-nin no Saikyou Ijin-hen","Especial","Finalizado","1","11680"
"840","Fate/Grand Order: Moonlight/Lostroom","Especial","Finalizado","1","14715"
"841","Fate/Grand Order: First Order","Pelicula","Finalizado","1","24788"
"842","Re:Zero kara Hajimeru Isekai Seikatsu Memory Snow","OVA","Finalizado","1","51646"
"843","Darwin's Game","TV","Finalizado","11","169495"
"844","Koisuru Asteroid","TV","Finalizado","13","19911"
"845","Re:Zero kara Hajimeru Isekai Seikatsu: Shin Henshuu-ban (New Edition)","TV","Finalizado","13","181637"
"846","Saiki Kusuo no Psi Nan: Shidou-hen","TV","Finalizado","8","99183"
"847","Yatogame-chan Kansatsu Nikki","TV","Finalizado","12","12027"
"848","Toaru Kagaku no Railgun S","TV","Finalizado","28","30105"
"849","Arifureta Shokugyou de Sekai Saikyou Especiales","Especial","Finalizado","2","80362"
"850","High School DxD BorN","TV","Finalizado","12","197953"
"851","High School DxD New","TV","Finalizado","13","205965"
"852","High School DxD","TV","Finalizado","12","288778"
"853","Mahouka Koukou no Rettousei Movie: Hoshi wo Yobu Shoujo","Pelicula","Finalizado","1","37279"
"854","Mahouka Koukou no Rettousei","TV","Finalizado","26","125721"
"855","Go-Toubun no Hanayome","TV","Finalizado","12","145640"
"856","Isekai Quartet","TV","Finalizado","12","25530"
"857","ID:INVADED","TV","Finalizado","13","76320"
"858","Asobi Asobase","TV","Finalizado","15","28853"
"859","Nande Koko ni Sensei ga!?","TV","Finalizado","13","128711"
"860","Yuru Camp<U+25B3>","TV","Finalizado","13","17319"
"861","Toaru Kagaku no Railgun","TV","Finalizado","28","42306"
"862","Plunderer","TV","Finalizado","24","476322"
"863","Code Geass: Fukkatsu no Lelouch","Pelicula","Finalizado","1","52969"
"864","Tsugumomo","TV","Finalizado","12","83868"
"865","Haikyuu!! Karasuno Koko VS Shiratorizawa Gakuen Koko","TV","Finalizado","10","91096"
"866","Haikyuu!! Second Season","TV","Finalizado","25","235617"
"867","Blame! Movie","Pelicula","Finalizado","1","22310"
"868","Overlord III","TV","Finalizado","13","85353"
"869","Levius","TV","Finalizado","12","29345"
"870","Tensei shitara Slime Datta Ken OVA","OVA","Finalizado","5","111139"
"871","Iya na Kao sare nagara Opantsu Misete Moraitai","TV","Finalizado","6","63135"
"872","Code Geass R2","TV","Finalizado","25","23793"
"873","Iya na Kao Sarenagara Opantsu Misete Moraitai 2","TV","Finalizado","6","72024"
"874","Code Geass","TV","Finalizado","25","37921"
"875","Kono Subarashii Sekai ni Shukufuku wo!: Kurenai Densetsu","Pelicula","Finalizado","1","111732"
"876","Overlord II","TV","Finalizado","13","83965"
"877","Overlord","TV","Finalizado","13","106404"
"878","Hataraku Saibou (TV)","TV","Finalizado","14","34589"
"879","One Punch Man: Road to Hero","OVA","Finalizado","1","55340"
"880","One Punch-Man Especiales","Especial","Finalizado","6","60115"
"881","Kono Subarashii Sekai ni Shukufuku wo! 2","TV","Finalizado","11","108810"
"882","Pokemon 2019","TV","Emision","74","344927"
"883","Kono Subarashii Sekai ni Shukufuku wo!","TV","Finalizado","11","146805"
"884","Seishun Buta Yarou wa Yumemiru Shoujo no Yume wo Minai movie","Pelicula","Finalizado","1","70711"
"885","Tensei Shitara Slime Datta Ken","TV","Finalizado","25","236586"
"886","Hataraku Saibou Especiales","Especial","Finalizado","5","18876"
"887","Senki Zesshou Symphogear G: Senki Zesshou Shinai Symphogear","Especial","Finalizado","2","10708"
"888","One Punch-Man 2","TV","Finalizado","12","168391"
"889","Diamond no Ace: Act II","TV","Finalizado","20","14881"
"890","Senki Zesshou Symphogear G","TV","Finalizado","13","10566"
"891","Senki Zesshou Symphogear","TV","Finalizado","13","13876"
"892","Blade & Soul Specials","Especial","Finalizado","4","9448"
"893","Blade & Soul","TV","Finalizado","13","26935"
"894","To Love-Ru OVAS","OVA","Finalizado","6","23369"
"895","To Love-Ru Darkness OVAS","OVA","Finalizado","10","30173"
"896","One Punch Man","TV","Finalizado","12","174839"
"897","One Punch Man Season 2 Specials","Especial","Finalizado","6","199301"
"898","Darling in the Franxx","TV","Finalizado","26","557515"
"899","Netoge no Yome wa Onna no Ko Janai to Omotta?","TV","Finalizado","12","85856"
"900","Monster Strike The Animation","TV","Finalizado","9","25675"
"901","Bokutachi wa Benkyou ga Dekinai OVA","OVA","Finalizado","2","81947"
"902","Perfect Blue","Pelicula","Finalizado","1","45213"
"903","Tonari no Totoro","Pelicula","Finalizado","1","12042"
"904","To Love-Ru Darkness 2nd","TV","Finalizado","14","37212"
"905","To Love-Ru Darkness","TV","Finalizado","12","39018"
"906","Motto To Love-Ru","TV","Finalizado","12","40583"
"907","Kengan Ashura 2nd Season","TV","Finalizado","12","146866"
"908","Youjo Senki","TV","Finalizado","13","58498"
"909","Youjo Senki Latino","TV","Finalizado","12","62640"
"910","To Love-Ru","TV","Finalizado","26","63644"
"911","Super Dragon Ball Heroes","TV","Emision","37","352307"
"912","Date A Live Movie: Mayuri Judgement","Pelicula","Finalizado","1","33390"
"913","Shigatsu wa Kimi no Uso","TV","Finalizado","23","163474"
"914","Date A Live III","TV","Finalizado","12","68238"
"915","High Score Girl II","TV","Finalizado","9","106943"
"916","Date A Live II","TV","Finalizado","11","68650"
"917","Date A Live","TV","Finalizado","13","110732"
"918","Psycho-Pass: Sinners of the System Case.3 Onshuu no Kanata ni ____","Pelicula","Finalizado","1","35766"
"919","Psycho-Pass: Sinners of the System Case 2. First Guardian","Pelicula","Finalizado","1","29756"
"920","Psycho-Pass 3","TV","Finalizado","8","37236"
"921","Chihayafuru 3","TV","Finalizado","24","17031"
"922","Seishun Buta Yarou wa Bunny Girl Senpai no Yume wo Minai","TV","Finalizado","13","251321"
"923","Haikyuu!!","TV","Finalizado","26","324711"
"924","One Piece Especiales","TV","Finalizado","0","51937"
"925","Zombieland Saga","TV","Finalizado","12","40478"
"926","Kono Oto Tomare!","TV","Finalizado","13","24155"
"927","Zenonzard: The Animation","TV","Finalizado","8","103389"
"928","Psycho-Pass 2","TV","Finalizado","11","17167"
"929","Rifle Is Beautiful","TV","Finalizado","12","15488"
"930","Tenka Hyakken: Meiji-kan e Youkoso!","TV","Finalizado","12","31323"
"931","Psycho-Pass: Sinners of the System Case.1 - Tsumi to Bachi","Pelicula","Finalizado","1","41349"
"932","Ginga Eiyuu Densetsu: Die Neue These - Seiran","Pelicula","Finalizado","12","16467"
"933","Shokugeki no souma OVA","OVA","Finalizado","5","31793"
"934","Gundam Build Divers","TV","Finalizado","26","12124"
"935","Gundam Build Divers Re:Rise","TV","Finalizado","13","22148"
"936","Shin Chuuka Ichiban!","TV","Finalizado","12","9497"
"937","Mugen no Juunin: Immortal","TV","Finalizado","24","54440"
"938","Nanatsu no Taizai: Seisen no Shirushi","Especial","Finalizado","4","97620"
"939","Z/X: Code Reunion","TV","Finalizado","12","13277"
"940","Psycho-Pass Movie","Pelicula","Finalizado","1","19878"
"941","Fairy Gone","TV","Finalizado","12","33394"
"942","XL Joushi","TV","Finalizado","8","77755"
"943","Actors: Songs Connection","TV","Finalizado","12","6672"
"944","Sword Art Online: Alternative Gun Gale Online","TV","Finalizado","13","33185"
"945","Null & Peta","TV","Finalizado","12","8583"
"946","Sword Art Online II","TV","Finalizado","25","110563"
"947","Nanatsu no taizai","TV","Finalizado","26","352986"
"948","Sword Art Online: Alicization - War of Underworld","TV","Finalizado","13","257854"
"949","Boku no Hero Academia 4th Season","TV","Finalizado","25","1351047"
"950","Kabukichou Sherlock","TV","Finalizado","24","15676"
"951","Shokugeki no Souma: Shin no Sara","TV","Finalizado","12","100511"
"952","Assassins Pride","TV","Finalizado","12","91814"
"953","Stand My Heroes: Piece of Truth","TV","Finalizado","12","15063"
"954","Hoshiai no Sora","TV","Finalizado","12","20721"
"955","No Guns Life","TV","Finalizado","12","34548"
"956","Nanatsu no Taizai: Kamigami no Gekirin","TV","Finalizado","24","1821353"
"957","Kandagawa Jet Girls","TV","Finalizado","12","13691"
"958","Babylon","TV","Finalizado","12","24546"
"959","Phantasy Star Online 2: Episode Oracle","TV","Finalizado","25","27884"
"960","Beastars","TV","Finalizado","12","757549"
"961","Keishichou Tokumu-bu Tokushu Kyouaku-han Taisaku-Shitsu Dai-Nana-ka -Tokunana-","TV","Finalizado","13","14247"
"962","Watashi, Nouryoku wa Heikinchi de tte Itta yo ne!","TV","Finalizado","12","25359"
"963","Fairy Gone 2nd Season","TV","Finalizado","12","13334"
"964","Bokutachi wa Benkyou ga Dekinai! 2","TV","Finalizado","13","67278"
"965","Kono Oto Tomare! 2nd Season","TV","Finalizado","13","20878"
"966","Mairimashita! Iruma-kun","TV","Finalizado","23","141102"
"967","Sword Art Online","TV","Finalizado","25","178575"
"968","Granblue Fantasy The Animation","TV","Finalizado","14","17126"
"969","Sword Art Online: Alicization","TV","Finalizado","25","173561"
"970","Chuubyou Gekihatsu Boy","TV","Finalizado","11","9705"
"971","Val X Love","TV","Finalizado","12","38070"
"972","Azur Lane","TV","Finalizado","12","36664"
"973","Granblue Fantasy The Animation Season 2","TV","Finalizado","14","22256"
"974","Houkago Saikoro Club","TV","Finalizado","12","11030"
"975","Choujin Koukousei-tachi wa Isekai demo Yoyuu de Ikinuku you desu!","TV","Finalizado","12","49409"
"976","Radiant 2nd Season","TV","Finalizado","21","48046"
"977","Ahiru no Sora","TV","Finalizado","50","107787"
"978","Honzuki no Gekokujou: Shisho ni Naru Tame ni wa Shudan wo Erandeiraremasen","TV","Finalizado","16","32558"
"979","Hataage! Kemono Michi","TV","Finalizado","12","28420"
"980","Ore wo Suki nano wa Omae dake ka yo","TV","Finalizado","13","118256"
"981","Kono Yuusha ga Ore Tueee Kuse ni Shinchou Sugiru","TV","Finalizado","12","106249"
"982","Radiant","TV","Finalizado","21","42975"
"983","Mayonaka no Occult Koumuin","TV","Finalizado","15","15019"
"984","Sword Art Online: Ordinal Scale","Pelicula","Finalizado","1","59555"
"985","Black Fox","Pelicula","Finalizado","2","22043"
"986","High Score Girl: Extra Stage","OVA","Finalizado","3","14935"
"987","Sora no Otoshimono Final: Eternal My Master","Pelicula","Finalizado","1","26294"
"988","Sora no Otoshimono: Tokeijikake no Angeloid","Pelicula","Finalizado","1","26638"
"989","Sora no Otoshimono: Forte","TV","Finalizado","12","43432"
"990","Mob Psycho 100 II","TV","Finalizado","14","111618"
"991","Strike the blood II","TV","Finalizado","8","62865"
"992","Fairy Tail","TV","Finalizado","175","211197"
"993","Sora no Otoshimono","TV","Finalizado","14","51835"
"994","Psycho-Pass Shin Henshuu-ban","TV","Finalizado","11","35323"
"995","Strike the Blood: Valkyria no Oukoku Hen","OVA","Finalizado","2","28530"
"996","Shokugeki no Souma","TV","Finalizado","24","88028"
"997","Shokugeki no Souma Ni no Sara","TV","Finalizado","13","58180"
"998","Shokugeki no Souma: San no Sara","TV","Finalizado","24","127601"
"999","Deadman Wonderland","TV","Finalizado","13","66211"
"1000","Bokutachi wa Benkyou ga Dekinai","TV","Finalizado","13","78094"
"1001","No Game No Life Specials","Especial","Finalizado","6","21540"
"1002","No Game No Life","TV","Finalizado","12","58227"
"1003","Youjo Senki Movie","Pelicula","Finalizado","1","33168"
"1004","Gegege no Kitarou (2018)","TV","Finalizado","97","11551"
"1005","Strike the Blood","TV","Finalizado","24","104723"
"1006","High Score Girl","TV","Finalizado","12","17572"
"1007","No Game No Life: Zero","Pelicula","Finalizado","1","28184"
"1008","Nanatsu no Taizai: Imashime no Fukkatsu","TV","Finalizado","25","184237"
"1009","Violet Evergarden","TV","Finalizado","14","64057"
"1010","Jormungand: Perfect Order","TV","Finalizado","12","15643"
"1011","Jormungand","TV","Finalizado","12","20974"
"1012","Boku no Hero Academia: Sukue! Kyuujo Kunren!","OVA","Finalizado","1","101380"
"1013","Boku no Hero Academia: Training of the Dead","OVA","Finalizado","2","121282"
"1014","Boku no Hero Academia","TV","Finalizado","13","821372"
"1015","Kore wa Zombie Desu ka? of the Dead","TV","Finalizado","12","28659"
"1016","Kore wa Zombie Desuka?","TV","Finalizado","13","45002"
"1017","SD Gundam World: Sangoku Souketsuden","OVA","Finalizado","7","14187"
"1018","Flying Witch","TV","Finalizado","12","12660"
"1019","Toradora","TV","Finalizado","30","83869"
"1020","Dakara Boku wa, H ga Dekinai","TV","Finalizado","13","87367"
"1021","Karakai Jouzu no Takagi-san","TV","Finalizado","13","48931"
"1022","Fate/stay night: Heaven's Feel","Pelicula","Finalizado","3","82955"
"1023","DanMachi: Orion no Ya","Pelicula","Finalizado","1","30740"
"1024","DanMachi","TV","Finalizado","14","85409"
"1025","Boku no Hero Academia 3rd season","TV","Finalizado","25","786482"
"1026","Boku no Hero Academia 2nd season","TV","Finalizado","26","886803"
"1027","Hotaru no Haka","Pelicula","Finalizado","1","15694"
"1028","Fate/Grand Order: Zettai Majuu Sensen Babylonia","TV","Finalizado","22","77702"
"1029","Black Clover","TV","Finalizado","170","1920629"
"1030","One Piece","TV","Emision","984","3956666"
"1031","Yu<U+2606>Gi<U+2606>Oh! VRAINS","TV","Finalizado","6","12607"
"1032","Boruto: Naruto Next Generations","TV","Emision","208","2051767"
"1033","Strike the Blood III","TV","Finalizado","10","92249"
"1034","Kengan Ashura","TV","Finalizado","12","152175"
"1035","Starmyu 3rd Season","TV","Finalizado","6","3601"
"1036","Re:Stage! Dream Days<U+266A>","TV","Finalizado","12","5566"
"1037","Ensemble Stars!","TV","Finalizado","24","5014"
"1038","Senki Zesshou Symphogear XV","TV","Finalizado","13","12445"
"1039","Try Knights","TV","Finalizado","12","5213"
"1040","Kochoki: Wakaki Nobunaga","TV","Finalizado","12","5128"
"1041","Machikado Mazoku","TV","Finalizado","12","17469"
"1042","Granbelm","TV","Finalizado","14","3759"
"1043","Given","TV","Finalizado","11","148887"
"1044","Joshikousei no Mudazukai","TV","Finalizado","12","10065"
"1045","BEM","TV","Finalizado","12","16982"
"1046","Kono Yo no Hate de Koi wo Utau Shoujo YU-NO","TV","Finalizado","27","42346"
"1047","Carole & Tuesday","TV","Finalizado","24","11332"
"1048","Naka no Hito Genome [Jikkyouchuu]","TV","Finalizado","12","29376"
"1049","Araburu Kisetsu no Otome-domo yo.","TV","Finalizado","12","48734"
"1050","Toaru Kagaku no Accelerator","TV","Finalizado","12","27980"
"1051","Karakai Jouzu no Takagi-san 2","TV","Finalizado","12","37502"
"1052","Cop Craft","TV","Finalizado","12","14242"
"1053","Sounan desu ka?","TV","Finalizado","12","28341"
"1054","Katsute Kami Datta Kemono-tachi e","TV","Finalizado","12","20435"
"1055","Tejina-senpai","TV","Finalizado","12","60950"
"1056","Kanata no Astra","TV","Finalizado","12","25643"
"1057","Dumbbell Nan Kilo Moteru?","TV","Finalizado","12","30929"
"1058","Kawaikereba Hentai demo Suki ni Natte Kuremasu ka?","TV","Finalizado","12","69344"
"1059","Uchi no Musume no Tame naraba, Ore wa Moshikashitara Maou mo Taoseru kamo Shirenai.","TV","Finalizado","12","17891"
"1060","Tsuujou Kougeki ga Zentai Kougeki de 2-kai Kougeki no Okaasan wa Suki desu ka?","TV","Finalizado","13","66013"
"1061","Maou-sama, Retry!","TV","Finalizado","12","41299"
"1062","Fairy Tail Final Series","TV","Finalizado","51","72351"
"1063","Fruits Basket","TV","Finalizado","25","73539"
"1064","Vinland Saga","TV","Finalizado","24","93112"
"1065","Isekai Cheat Magician","TV","Finalizado","13","69165"
"1066","Enn Enn no Shouboutai","TV","Finalizado","24","197593"
"1067","Arifureta Shokugyou de Sekai Saikyou","TV","Finalizado","14","222103"
"1068","DanMachi II","TV","Finalizado","13","141234"
"1069","Dr. Stone","TV","Finalizado","24","396173"
"1070","Lord El-Melloi II Sei no Jikenbo: Rail Zeppelin Grace Note","TV","Finalizado","14","23974"
"1071","Kimetsu no Yaiba","TV","Finalizado","26","1357415"
